{"train/learning_rate":1.9002375296912116e-07,"train/loss":0.2988,"train/grad_norm":20.516359329223633,"_runtime":1673.744629139,"_step":62,"_wandb":{"runtime":1677},"_timestamp":1.733923687878556e+09,"train/epoch":2.992874109263658,"train/global_step":6300}