{"train/loss":0.2982,"train_steps_per_second":3.91,"total_flos":5.298687924240384e+16,"train/learning_rate":1.9002375296912116e-07,"train/epoch":3,"train/grad_norm":18.09711456298828,"train/global_step":6315,"_step":63,"train_runtime":1615.1315,"_runtime":1668.942521661,"_wandb":{"runtime":1670},"train_samples_per_second":125.096,"train_loss":0.3652952008462575,"_timestamp":1.7339308121105673e+09}