{"train/learning_rate":1.9002375296912116e-07,"total_flos":5.298687924240384e+16,"train/grad_norm":20.596397399902344,"train/epoch":3,"_step":63,"_timestamp":1.7342443789793098e+09,"train_loss":0.36345046580262536,"train_runtime":1615.21,"train_samples_per_second":125.09,"_wandb":{"runtime":1632},"_runtime":1631.143057009,"train/global_step":6315,"train/loss":0.2982,"train_steps_per_second":3.91}