{"train/loss":0.2937,"_wandb":{"runtime":1705},"train_runtime":1646.2194,"total_flos":5.298687924240384e+16,"train/global_step":6315,"_timestamp":1.733928172481962e+09,"train/grad_norm":17.000646591186523,"train_samples_per_second":122.734,"train_steps_per_second":3.836,"train/epoch":3,"train_loss":0.3544816103985832,"_step":63,"_runtime":1704.416162535,"train/learning_rate":1.9002375296912116e-07}